<keymap version="1" name="macOS copy" parent="Mac OS X 10.5+">
  <action id="ActivateLogcatToolWindow">
    <keyboard-shortcut first-keystroke="meta l" />
  </action>
  <action id="GotoLine" />
  <action id="MoveEditorToOppositeTabGroup">
    <keyboard-shortcut first-keystroke="ctrl meta m" />
  </action>
  <action id="Vcs.Log.FocusTextFilter" />
  <action id="android.deploy.ApplyChanges">
    <keyboard-shortcut first-keystroke="ctrl meta e" />
  </action>
  <action id="android.deploy.CodeSwap">
    <keyboard-shortcut first-keystroke="shift ctrl meta e" />
  </action>
</keymap>